{"paths": {"admin/js/vendor/select2/i18n/af.c4a5cbd6a23f.js": "admin/js/vendor/select2/i18n/af.c4a5cbd6a23f.b6dea29e7fac.js", "admin/js/vendor/select2/i18n/af.c4a5cbd6a23f.js.gz": "admin/js/vendor/select2/i18n/af.c4a5cbd6a23f.js.09bdf1139312.gz", "admin/js/vendor/select2/i18n/af.js": "admin/js/vendor/select2/i18n/af.b03483e1e9e6.js", "admin/js/vendor/select2/i18n/af.js.gz": "admin/js/vendor/select2/i18n/af.js.8c29afdb1ed0.gz", "admin/js/vendor/select2/i18n/ar.7dcfd5775174.js": "admin/js/vendor/select2/i18n/ar.7dcfd5775174.d78cd2505c6f.js", "admin/js/vendor/select2/i18n/ar.7dcfd5775174.js.gz": "admin/js/vendor/select2/i18n/ar.7dcfd5775174.js.dcdd4df070a2.gz", "admin/js/vendor/select2/i18n/ar.js": "admin/js/vendor/select2/i18n/ar.8805cb817f58.js", "admin/js/vendor/select2/i18n/ar.js.gz": "admin/js/vendor/select2/i18n/ar.js.4d1d9c79f823.gz", "admin/js/vendor/select2/i18n/az.1804c238d269.js": "admin/js/vendor/select2/i18n/az.1804c238d269.e50028d3ee41.js", "admin/js/vendor/select2/i18n/az.1804c238d269.js.gz": "admin/js/vendor/select2/i18n/az.1804c238d269.js.1662689a656d.gz", "admin/js/vendor/select2/i18n/az.js": "admin/js/vendor/select2/i18n/az.6236c7429891.js", "admin/js/vendor/select2/i18n/az.js.gz": "admin/js/vendor/select2/i18n/az.js.d944390e5889.gz", "admin/js/vendor/select2/i18n/bg.096f4410173b.js": "admin/js/vendor/select2/i18n/bg.096f4410173b.198cd2074b7a.js", "admin/js/vendor/select2/i18n/bg.096f4410173b.js.gz": "admin/js/vendor/select2/i18n/bg.096f4410173b.js.90221b570866.gz", "admin/js/vendor/select2/i18n/bg.js": "admin/js/vendor/select2/i18n/bg.2bb639d9db98.js", "admin/js/vendor/select2/i18n/bg.js.gz": "admin/js/vendor/select2/i18n/bg.js.c02ee1a81415.gz", "admin/js/vendor/select2/i18n/bn.b33721dc9b8a.js": "admin/js/vendor/select2/i18n/bn.b33721dc9b8a.ecd93f80e274.js", "admin/js/vendor/select2/i18n/bn.b33721dc9b8a.js.gz": "admin/js/vendor/select2/i18n/bn.b33721dc9b8a.js.d84da05a5392.gz", "admin/js/vendor/select2/i18n/bn.js": "admin/js/vendor/select2/i18n/bn.04e3ad3c557a.js", "admin/js/vendor/select2/i18n/bn.js.gz": "admin/js/vendor/select2/i18n/bn.js.1b32aff28326.gz", "admin/js/vendor/select2/i18n/bs.debce43cfca2.js": "admin/js/vendor/select2/i18n/bs.debce43cfca2.6c80193a3eca.js", "admin/js/vendor/select2/i18n/bs.debce43cfca2.js.gz": "admin/js/vendor/select2/i18n/bs.debce43cfca2.js.ee64f2c1e0ac.gz", "admin/js/vendor/select2/i18n/bs.js": "admin/js/vendor/select2/i18n/bs.7dcc0f93e7cb.js", "admin/js/vendor/select2/i18n/bs.js.gz": "admin/js/vendor/select2/i18n/bs.js.5d8855cda1f8.gz", "admin/js/vendor/select2/i18n/ca.60f20182ff18.js": "admin/js/vendor/select2/i18n/ca.60f20182ff18.394dc70f46b8.js", "admin/js/vendor/select2/i18n/ca.60f20182ff18.js.gz": "admin/js/vendor/select2/i18n/ca.60f20182ff18.js.901e6c822059.gz", "admin/js/vendor/select2/i18n/ca.js": "admin/js/vendor/select2/i18n/ca.2463a5862975.js", "admin/js/vendor/select2/i18n/ca.js.gz": "admin/js/vendor/select2/i18n/ca.js.90f49ff8fe0f.gz", "admin/js/vendor/select2/i18n/cs.edd7167cdcb6.js": "admin/js/vendor/select2/i18n/cs.edd7167cdcb6.1bf77cfe8cff.js", "admin/js/vendor/select2/i18n/cs.edd7167cdcb6.js.gz": "admin/js/vendor/select2/i18n/cs.edd7167cdcb6.js.60405707f5cd.gz", "admin/js/vendor/select2/i18n/cs.js": "admin/js/vendor/select2/i18n/cs.e2d5190024e7.js", "admin/js/vendor/select2/i18n/cs.js.gz": "admin/js/vendor/select2/i18n/cs.js.c6773158910c.gz", "admin/js/vendor/select2/i18n/da.6bbc262044b3.js": "admin/js/vendor/select2/i18n/da.6bbc262044b3.9dd2f4b58b54.js", "admin/js/vendor/select2/i18n/da.6bbc262044b3.js.gz": "admin/js/vendor/select2/i18n/da.6bbc262044b3.js.1d13dbcaa141.gz", "admin/js/vendor/select2/i18n/da.js": "admin/js/vendor/select2/i18n/da.c5b263ee4ba6.js", "admin/js/vendor/select2/i18n/da.js.gz": "admin/js/vendor/select2/i18n/da.js.871c9cf2a473.gz", "admin/js/vendor/select2/i18n/de.630e81c65a7b.js": "admin/js/vendor/select2/i18n/de.630e81c65a7b.9b04a59c4e7a.js", "admin/js/vendor/select2/i18n/de.630e81c65a7b.js.gz": "admin/js/vendor/select2/i18n/de.630e81c65a7b.js.5074313c6306.gz", "admin/js/vendor/select2/i18n/de.js": "admin/js/vendor/select2/i18n/de.b6d7419dfbb6.js", "admin/js/vendor/select2/i18n/de.js.gz": "admin/js/vendor/select2/i18n/de.js.17e9a1e61fc5.gz", "admin/js/vendor/select2/i18n/dsb.9c2742bfc55a.js": "admin/js/vendor/select2/i18n/dsb.9c2742bfc55a.29fadd3d6374.js", "admin/js/vendor/select2/i18n/dsb.9c2742bfc55a.js.gz": "admin/js/vendor/select2/i18n/dsb.9c2742bfc55a.js.6e556c27afa3.gz", "admin/js/vendor/select2/i18n/dsb.js": "admin/js/vendor/select2/i18n/dsb.b1ab3ffb70cf.js", "admin/js/vendor/select2/i18n/dsb.js.gz": "admin/js/vendor/select2/i18n/dsb.js.3cff23e5964b.gz", "admin/js/vendor/select2/i18n/el.01c46bf8c8b3.js": "admin/js/vendor/select2/i18n/el.01c46bf8c8b3.03e4847fc38d.js", "admin/js/vendor/select2/i18n/el.01c46bf8c8b3.js.gz": "admin/js/vendor/select2/i18n/el.01c46bf8c8b3.js.53ef4a1f964d.gz", "admin/js/vendor/select2/i18n/el.js": "admin/js/vendor/select2/i18n/el.b9449ec9469c.js", "admin/js/vendor/select2/i18n/el.js.gz": "admin/js/vendor/select2/i18n/el.js.f601c678104a.gz", "admin/js/vendor/select2/i18n/en.aed9bad15375.js": "admin/js/vendor/select2/i18n/en.aed9bad15375.87f8cd7f4254.js", "admin/js/vendor/select2/i18n/en.aed9bad15375.js.gz": "admin/js/vendor/select2/i18n/en.aed9bad15375.js.6cf754b116ce.gz", "admin/js/vendor/select2/i18n/en.js": "admin/js/vendor/select2/i18n/en.a736240bea8a.js", "admin/js/vendor/select2/i18n/en.js.gz": "admin/js/vendor/select2/i18n/en.js.0ea974248bb5.gz", "admin/js/vendor/select2/i18n/es.8b21ebdb01ee.js": "admin/js/vendor/select2/i18n/es.8b21ebdb01ee.355dd259861c.js", "admin/js/vendor/select2/i18n/es.8b21ebdb01ee.js.gz": "admin/js/vendor/select2/i18n/es.8b21ebdb01ee.js.52b37044ef0b.gz", "admin/js/vendor/select2/i18n/es.js": "admin/js/vendor/select2/i18n/es.3ae888b7b053.js", "admin/js/vendor/select2/i18n/es.js.gz": "admin/js/vendor/select2/i18n/es.js.c2d1b96bf1bf.gz", "admin/js/vendor/select2/i18n/et.32b0b17ba1a9.js": "admin/js/vendor/select2/i18n/et.32b0b17ba1a9.c7b5f3d2db87.js", "admin/js/vendor/select2/i18n/et.32b0b17ba1a9.js.gz": "admin/js/vendor/select2/i18n/et.32b0b17ba1a9.js.0852cbd71e76.gz", "admin/js/vendor/select2/i18n/et.js": "admin/js/vendor/select2/i18n/et.2bd9febda721.js", "admin/js/vendor/select2/i18n/et.js.gz": "admin/js/vendor/select2/i18n/et.js.d1774a3b5f2b.gz", "admin/js/vendor/select2/i18n/eu.6c45eaf416fe.js": "admin/js/vendor/select2/i18n/eu.6c45eaf416fe.63adfe760955.js", "admin/js/vendor/select2/i18n/eu.6c45eaf416fe.js.gz": "admin/js/vendor/select2/i18n/eu.6c45eaf416fe.js.0d66142a84ed.gz", "admin/js/vendor/select2/i18n/eu.js": "admin/js/vendor/select2/i18n/eu.c43c61d954be.js", "admin/js/vendor/select2/i18n/eu.js.gz": "admin/js/vendor/select2/i18n/eu.js.e9db570d1460.gz", "admin/js/vendor/select2/i18n/fa.1738b003dd26.js": "admin/js/vendor/select2/i18n/fa.1738b003dd26.28ec72e91fea.js", "admin/js/vendor/select2/i18n/fa.1738b003dd26.js.gz": "admin/js/vendor/select2/i18n/fa.1738b003dd26.js.45dde17576cf.gz", "admin/js/vendor/select2/i18n/fa.js": "admin/js/vendor/select2/i18n/fa.142f247c1211.js", "admin/js/vendor/select2/i18n/fa.js.gz": "admin/js/vendor/select2/i18n/fa.js.74245bef5cbc.gz", "admin/js/vendor/select2/i18n/fi.2858f3167855.js": "admin/js/vendor/select2/i18n/fi.2858f3167855.6dc680efc88d.js", "admin/js/vendor/select2/i18n/fi.2858f3167855.js.gz": "admin/js/vendor/select2/i18n/fi.2858f3167855.js.006b6519c477.gz", "admin/js/vendor/select2/i18n/fi.js": "admin/js/vendor/select2/i18n/fi.c40303e39caf.js", "admin/js/vendor/select2/i18n/fi.js.gz": "admin/js/vendor/select2/i18n/fi.js.c905c5d20249.gz", "admin/js/vendor/select2/i18n/fr.6129248732b9.js": "admin/js/vendor/select2/i18n/fr.6129248732b9.957cca0e0546.js", "admin/js/vendor/select2/i18n/fr.6129248732b9.js.gz": "admin/js/vendor/select2/i18n/fr.6129248732b9.js.5575850942b0.gz", "admin/js/vendor/select2/i18n/fr.js": "admin/js/vendor/select2/i18n/fr.224a5e4b028d.js", "admin/js/vendor/select2/i18n/fr.js.gz": "admin/js/vendor/select2/i18n/fr.js.e25672febcbb.gz", "admin/js/vendor/select2/i18n/gl.e2766036e78a.js": "admin/js/vendor/select2/i18n/gl.e2766036e78a.2e7073e7fcc3.js", "admin/js/vendor/select2/i18n/gl.e2766036e78a.js.gz": "admin/js/vendor/select2/i18n/gl.e2766036e78a.js.286b27a7a585.gz", "admin/js/vendor/select2/i18n/gl.js": "admin/js/vendor/select2/i18n/gl.0141f0744bab.js", "admin/js/vendor/select2/i18n/gl.js.gz": "admin/js/vendor/select2/i18n/gl.js.ec5e82de2f7f.gz", "admin/js/vendor/select2/i18n/he.4d933538516a.js": "admin/js/vendor/select2/i18n/he.4d933538516a.9ae812a05d65.js", "admin/js/vendor/select2/i18n/he.4d933538516a.js.gz": "admin/js/vendor/select2/i18n/he.4d933538516a.js.dc65fa3553cf.gz", "admin/js/vendor/select2/i18n/he.js": "admin/js/vendor/select2/i18n/he.828f17d170db.js", "admin/js/vendor/select2/i18n/he.js.gz": "admin/js/vendor/select2/i18n/he.js.31eaccf80e97.gz", "admin/js/vendor/select2/i18n/hi.f81e979ec25f.js": "admin/js/vendor/select2/i18n/hi.f81e979ec25f.400d9ec5f9d4.js", "admin/js/vendor/select2/i18n/hi.f81e979ec25f.js.gz": "admin/js/vendor/select2/i18n/hi.f81e979ec25f.js.b60f43849ab9.gz", "admin/js/vendor/select2/i18n/hi.js": "admin/js/vendor/select2/i18n/hi.83ba5a2eeae2.js", "admin/js/vendor/select2/i18n/hi.js.gz": "admin/js/vendor/select2/i18n/hi.js.1787a5edd51d.gz", "admin/js/vendor/select2/i18n/hr.68583e607f1e.js": "admin/js/vendor/select2/i18n/hr.68583e607f1e.305a5e5a4977.js", "admin/js/vendor/select2/i18n/hr.68583e607f1e.js.gz": "admin/js/vendor/select2/i18n/hr.68583e607f1e.js.056bcc2440b7.gz", "admin/js/vendor/select2/i18n/hr.js": "admin/js/vendor/select2/i18n/hr.922b85b38959.js", "admin/js/vendor/select2/i18n/hr.js.gz": "admin/js/vendor/select2/i18n/hr.js.17aa24e13b52.gz", "admin/js/vendor/select2/i18n/hsb.50caaee90a0d.js": "admin/js/vendor/select2/i18n/hsb.50caaee90a0d.ce4e324b6cdf.js", "admin/js/vendor/select2/i18n/hsb.50caaee90a0d.js.gz": "admin/js/vendor/select2/i18n/hsb.50caaee90a0d.js.e0e9941a7b90.gz", "admin/js/vendor/select2/i18n/hsb.js": "admin/js/vendor/select2/i18n/hsb.ad373a5362d5.js", "admin/js/vendor/select2/i18n/hsb.js.gz": "admin/js/vendor/select2/i18n/hsb.js.776eb028f49d.gz", "admin/js/vendor/select2/i18n/hu.9edad4c24fd0.js": "admin/js/vendor/select2/i18n/hu.9edad4c24fd0.e00331823563.js", "admin/js/vendor/select2/i18n/hu.9edad4c24fd0.js.gz": "admin/js/vendor/select2/i18n/hu.9edad4c24fd0.js.9c588314d122.gz", "admin/js/vendor/select2/i18n/hu.js": "admin/js/vendor/select2/i18n/hu.e45c27137569.js", "admin/js/vendor/select2/i18n/hu.js.gz": "admin/js/vendor/select2/i18n/hu.js.d737190fd73a.gz", "admin/js/vendor/select2/i18n/hy.4c655f53f4e1.js": "admin/js/vendor/select2/i18n/hy.4c655f53f4e1.f67444afd080.js", "admin/js/vendor/select2/i18n/hy.4c655f53f4e1.js.gz": "admin/js/vendor/select2/i18n/hy.4c655f53f4e1.js.2d121d4039df.gz", "admin/js/vendor/select2/i18n/hy.js": "admin/js/vendor/select2/i18n/hy.150864ec3413.js", "admin/js/vendor/select2/i18n/hy.js.gz": "admin/js/vendor/select2/i18n/hy.js.bd8c7feaa997.gz", "admin/js/vendor/select2/i18n/id.322604a430a5.js": "admin/js/vendor/select2/i18n/id.322604a430a5.91c4bac0bb70.js", "admin/js/vendor/select2/i18n/id.322604a430a5.js.gz": "admin/js/vendor/select2/i18n/id.322604a430a5.js.75c489f9261b.gz", "admin/js/vendor/select2/i18n/id.js": "admin/js/vendor/select2/i18n/id.2e53f749e4d5.js", "admin/js/vendor/select2/i18n/id.js.gz": "admin/js/vendor/select2/i18n/id.js.635be3d90a6b.gz", "admin/js/vendor/select2/i18n/is.a8a13c9122d7.js": "admin/js/vendor/select2/i18n/is.a8a13c9122d7.0a6d333e171e.js", "admin/js/vendor/select2/i18n/is.a8a13c9122d7.js.gz": "admin/js/vendor/select2/i18n/is.a8a13c9122d7.js.327d521538b9.gz", "admin/js/vendor/select2/i18n/is.js": "admin/js/vendor/select2/i18n/is.686d32e4d5e6.js", "admin/js/vendor/select2/i18n/is.js.gz": "admin/js/vendor/select2/i18n/is.js.4e59d03c5568.gz", "admin/js/vendor/select2/i18n/it.110a0fa84968.js": "admin/js/vendor/select2/i18n/it.110a0fa84968.8486c08c16a7.js", "admin/js/vendor/select2/i18n/it.110a0fa84968.js.gz": "admin/js/vendor/select2/i18n/it.110a0fa84968.js.a80a88e51853.gz", "admin/js/vendor/select2/i18n/it.js": "admin/js/vendor/select2/i18n/it.1b16e89ede3b.js", "admin/js/vendor/select2/i18n/it.js.gz": "admin/js/vendor/select2/i18n/it.js.21acfbeaff2b.gz", "admin/js/vendor/select2/i18n/ja.442146837f55.js": "admin/js/vendor/select2/i18n/ja.442146837f55.947bf23dd6d8.js", "admin/js/vendor/select2/i18n/ja.442146837f55.js.gz": "admin/js/vendor/select2/i18n/ja.442146837f55.js.23a6f9a202fc.gz", "admin/js/vendor/select2/i18n/ja.js": "admin/js/vendor/select2/i18n/ja.b94b9c0e70a3.js", "admin/js/vendor/select2/i18n/ja.js.gz": "admin/js/vendor/select2/i18n/ja.js.bdf62a10df6a.gz", "admin/js/vendor/select2/i18n/ka.8ea0684cc301.js": "admin/js/vendor/select2/i18n/ka.8ea0684cc301.3a7088dca1f9.js", "admin/js/vendor/select2/i18n/ka.8ea0684cc301.js.gz": "admin/js/vendor/select2/i18n/ka.8ea0684cc301.js.1dbb09febb58.gz", "admin/js/vendor/select2/i18n/ka.js": "admin/js/vendor/select2/i18n/ka.a81569ec3800.js", "admin/js/vendor/select2/i18n/ka.js.gz": "admin/js/vendor/select2/i18n/ka.js.c61db65b5b78.gz", "admin/js/vendor/select2/i18n/km.8c337905305d.js": "admin/js/vendor/select2/i18n/km.8c337905305d.e243b92387c6.js", "admin/js/vendor/select2/i18n/km.8c337905305d.js.gz": "admin/js/vendor/select2/i18n/km.8c337905305d.js.60868fcfc6de.gz", "admin/js/vendor/select2/i18n/km.js": "admin/js/vendor/select2/i18n/km.53fed178211e.js", "admin/js/vendor/select2/i18n/km.js.gz": "admin/js/vendor/select2/i18n/km.js.1188c070206e.gz", "admin/js/vendor/select2/i18n/ko.82358a9b6840.js": "admin/js/vendor/select2/i18n/ko.82358a9b6840.1287787429a4.js", "admin/js/vendor/select2/i18n/ko.82358a9b6840.js.gz": "admin/js/vendor/select2/i18n/ko.82358a9b6840.js.55e166cfc972.gz", "admin/js/vendor/select2/i18n/ko.js": "admin/js/vendor/select2/i18n/ko.703f3ba62f25.js", "admin/js/vendor/select2/i18n/ko.js.gz": "admin/js/vendor/select2/i18n/ko.js.3f9c27c608e7.gz", "admin/js/vendor/select2/i18n/lt.2c390a6bf650.js": "admin/js/vendor/select2/i18n/lt.2c390a6bf650.8d188082c1eb.js", "admin/js/vendor/select2/i18n/lt.2c390a6bf650.js.gz": "admin/js/vendor/select2/i18n/lt.2c390a6bf650.js.e174d974cb8a.gz", "admin/js/vendor/select2/i18n/lt.js": "admin/js/vendor/select2/i18n/lt.23264ff51adc.js", "admin/js/vendor/select2/i18n/lt.js.gz": "admin/js/vendor/select2/i18n/lt.js.54bb6ab26c04.gz", "admin/js/vendor/select2/i18n/lv.30bfb7fc3b63.js": "admin/js/vendor/select2/i18n/lv.30bfb7fc3b63.1483fa4ff8b3.js", "admin/js/vendor/select2/i18n/lv.30bfb7fc3b63.js.gz": "admin/js/vendor/select2/i18n/lv.30bfb7fc3b63.js.c8e16f5f639a.gz", "admin/js/vendor/select2/i18n/lv.js": "admin/js/vendor/select2/i18n/lv.5e32e4139043.js", "admin/js/vendor/select2/i18n/lv.js.gz": "admin/js/vendor/select2/i18n/lv.js.961fa50d36c8.gz", "admin/js/vendor/select2/i18n/mk.92f1d29581b7.js": "admin/js/vendor/select2/i18n/mk.92f1d29581b7.15ab8741b271.js", "admin/js/vendor/select2/i18n/mk.92f1d29581b7.js.gz": "admin/js/vendor/select2/i18n/mk.92f1d29581b7.js.f839cf98fa52.gz", "admin/js/vendor/select2/i18n/mk.js": "admin/js/vendor/select2/i18n/mk.465bc25ef379.js", "admin/js/vendor/select2/i18n/mk.js.gz": "admin/js/vendor/select2/i18n/mk.js.a56ac4ee8b2b.gz", "admin/js/vendor/select2/i18n/ms.ade6aba46542.js": "admin/js/vendor/select2/i18n/ms.ade6aba46542.075d0afcc692.js", "admin/js/vendor/select2/i18n/ms.ade6aba46542.js.gz": "admin/js/vendor/select2/i18n/ms.ade6aba46542.js.f60f039c8afd.gz", "admin/js/vendor/select2/i18n/ms.js": "admin/js/vendor/select2/i18n/ms.3c136724820b.js", "admin/js/vendor/select2/i18n/ms.js.gz": "admin/js/vendor/select2/i18n/ms.js.c2b864f4e596.gz", "admin/js/vendor/select2/i18n/nb.e535138ca26b.js": "admin/js/vendor/select2/i18n/nb.e535138ca26b.06a16520757b.js", "admin/js/vendor/select2/i18n/nb.e535138ca26b.js.gz": "admin/js/vendor/select2/i18n/nb.e535138ca26b.js.52d18f584b01.gz", "admin/js/vendor/select2/i18n/nb.js": "admin/js/vendor/select2/i18n/nb.e08b1d6c871c.js", "admin/js/vendor/select2/i18n/nb.js.gz": "admin/js/vendor/select2/i18n/nb.js.1f784ad96855.gz", "admin/js/vendor/select2/i18n/ne.f61bf00bc3fe.js": "admin/js/vendor/select2/i18n/ne.f61bf00bc3fe.d3e949699f2f.js", "admin/js/vendor/select2/i18n/ne.f61bf00bc3fe.js.gz": "admin/js/vendor/select2/i18n/ne.f61bf00bc3fe.js.41669a6b2665.gz", "admin/js/vendor/select2/i18n/ne.js": "admin/js/vendor/select2/i18n/ne.a42f5beff9ec.js", "admin/js/vendor/select2/i18n/ne.js.gz": "admin/js/vendor/select2/i18n/ne.js.e54f55401a57.gz", "admin/js/vendor/select2/i18n/nl.674c0d3da68d.js": "admin/js/vendor/select2/i18n/nl.674c0d3da68d.21995662d63d.js", "admin/js/vendor/select2/i18n/nl.674c0d3da68d.js.gz": "admin/js/vendor/select2/i18n/nl.674c0d3da68d.js.76263d42b3fe.gz", "admin/js/vendor/select2/i18n/nl.js": "admin/js/vendor/select2/i18n/nl.8cbdab7e04f7.js", "admin/js/vendor/select2/i18n/nl.js.gz": "admin/js/vendor/select2/i18n/nl.js.e73b9abb897a.gz", "admin/js/vendor/select2/i18n/pl.a10ee9248c07.js": "admin/js/vendor/select2/i18n/pl.a10ee9248c07.6a5542b5a574.js", "admin/js/vendor/select2/i18n/pl.a10ee9248c07.js.gz": "admin/js/vendor/select2/i18n/pl.a10ee9248c07.js.07e40abda638.gz", "admin/js/vendor/select2/i18n/pl.js": "admin/js/vendor/select2/i18n/pl.f4f4faf127a4.js", "admin/js/vendor/select2/i18n/pl.js.gz": "admin/js/vendor/select2/i18n/pl.js.4ff38e9d9bc6.gz", "admin/js/vendor/select2/i18n/ps.de1a40c46c09.js": "admin/js/vendor/select2/i18n/ps.de1a40c46c09.0284469dd04f.js", "admin/js/vendor/select2/i18n/ps.de1a40c46c09.js.gz": "admin/js/vendor/select2/i18n/ps.de1a40c46c09.js.69ddbab1a06e.gz", "admin/js/vendor/select2/i18n/ps.js": "admin/js/vendor/select2/i18n/ps.c86fab96d81e.js", "admin/js/vendor/select2/i18n/ps.js.gz": "admin/js/vendor/select2/i18n/ps.js.30580ceb593a.gz", "admin/js/vendor/select2/i18n/pt-BR.455adefc2984.js": "admin/js/vendor/select2/i18n/pt-BR.455adefc2984.a162260ff12f.js", "admin/js/vendor/select2/i18n/pt-BR.455adefc2984.js.gz": "admin/js/vendor/select2/i18n/pt-BR.455adefc2984.js.5c54ab790141.gz", "admin/js/vendor/select2/i18n/pt-BR.js": "admin/js/vendor/select2/i18n/pt-BR.68eb3f525246.js", "admin/js/vendor/select2/i18n/pt-BR.js.gz": "admin/js/vendor/select2/i18n/pt-BR.js.4dad78749b6b.gz", "admin/js/vendor/select2/i18n/pt.5b4ec8cb5b23.js": "admin/js/vendor/select2/i18n/pt.5b4ec8cb5b23.af867e3269da.js", "admin/js/vendor/select2/i18n/pt.5b4ec8cb5b23.js.gz": "admin/js/vendor/select2/i18n/pt.5b4ec8cb5b23.js.5606cfc5c173.gz", "admin/js/vendor/select2/i18n/pt.js": "admin/js/vendor/select2/i18n/pt.1fad42b6e5ee.js", "admin/js/vendor/select2/i18n/pt.js.gz": "admin/js/vendor/select2/i18n/pt.js.7de5c5da9eed.gz", "admin/js/vendor/select2/i18n/ro.ea7e3b822b06.js": "admin/js/vendor/select2/i18n/ro.ea7e3b822b06.46ae1592547a.js", "admin/js/vendor/select2/i18n/ro.ea7e3b822b06.js.gz": "admin/js/vendor/select2/i18n/ro.ea7e3b822b06.js.841d46716484.gz", "admin/js/vendor/select2/i18n/ro.js": "admin/js/vendor/select2/i18n/ro.086b564db1fc.js", "admin/js/vendor/select2/i18n/ro.js.gz": "admin/js/vendor/select2/i18n/ro.js.400c4cb05b84.gz", "admin/js/vendor/select2/i18n/ru.962f048c22f2.js": "admin/js/vendor/select2/i18n/ru.962f048c22f2.f87795d83cbc.js", "admin/js/vendor/select2/i18n/ru.962f048c22f2.js.gz": "admin/js/vendor/select2/i18n/ru.962f048c22f2.js.f5848fa402a2.gz", "admin/js/vendor/select2/i18n/ru.js": "admin/js/vendor/select2/i18n/ru.d32023858d04.js", "admin/js/vendor/select2/i18n/ru.js.gz": "admin/js/vendor/select2/i18n/ru.js.774306a80782.gz", "admin/js/vendor/select2/i18n/sk.34019208b835.js": "admin/js/vendor/select2/i18n/sk.34019208b835.6bf2d45d2eca.js", "admin/js/vendor/select2/i18n/sk.34019208b835.js.gz": "admin/js/vendor/select2/i18n/sk.34019208b835.js.558049423a16.gz", "admin/js/vendor/select2/i18n/sk.js": "admin/js/vendor/select2/i18n/sk.52694b5411f4.js", "admin/js/vendor/select2/i18n/sk.js.gz": "admin/js/vendor/select2/i18n/sk.js.968ecdc2567d.gz", "admin/js/vendor/select2/i18n/sl.a5e262c643f2.js": "admin/js/vendor/select2/i18n/sl.a5e262c643f2.1dc479931e9c.js", "admin/js/vendor/select2/i18n/sl.a5e262c643f2.js.gz": "admin/js/vendor/select2/i18n/sl.a5e262c643f2.js.954e3aa0218a.gz", "admin/js/vendor/select2/i18n/sl.js": "admin/js/vendor/select2/i18n/sl.8ef1f853317e.js", "admin/js/vendor/select2/i18n/sl.js.gz": "admin/js/vendor/select2/i18n/sl.js.6547a9fe4e1c.gz", "admin/js/vendor/select2/i18n/sq.abf2d34b255a.js": "admin/js/vendor/select2/i18n/sq.abf2d34b255a.b20244915c71.js", "admin/js/vendor/select2/i18n/sq.abf2d34b255a.js.gz": "admin/js/vendor/select2/i18n/sq.abf2d34b255a.js.6e7980d9da63.gz", "admin/js/vendor/select2/i18n/sq.js": "admin/js/vendor/select2/i18n/sq.59703b8bbe56.js", "admin/js/vendor/select2/i18n/sq.js.gz": "admin/js/vendor/select2/i18n/sq.js.f36f3ab4e5a3.gz", "admin/js/vendor/select2/i18n/sr-Cyrl.116365a2de65.js": "admin/js/vendor/select2/i18n/sr-Cyrl.116365a2de65.43b94f330908.js", "admin/js/vendor/select2/i18n/sr-Cyrl.116365a2de65.js.gz": "admin/js/vendor/select2/i18n/sr-Cyrl.116365a2de65.js.4bd0b00d34f8.gz", "admin/js/vendor/select2/i18n/sr-Cyrl.js": "admin/js/vendor/select2/i18n/sr-Cyrl.5102c929b784.js", "admin/js/vendor/select2/i18n/sr-Cyrl.js.gz": "admin/js/vendor/select2/i18n/sr-Cyrl.js.8324087c3861.gz", "admin/js/vendor/select2/i18n/sr.c9f16b9e0f93.js": "admin/js/vendor/select2/i18n/sr.c9f16b9e0f93.feefd6ef1554.js", "admin/js/vendor/select2/i18n/sr.c9f16b9e0f93.js.gz": "admin/js/vendor/select2/i18n/sr.c9f16b9e0f93.js.29d048e11fc9.gz", "admin/js/vendor/select2/i18n/sr.js": "admin/js/vendor/select2/i18n/sr.f16300898acb.js", "admin/js/vendor/select2/i18n/sr.js.gz": "admin/js/vendor/select2/i18n/sr.js.76c45b674959.gz", "admin/js/vendor/select2/i18n/sv.725800c5e8fc.js": "admin/js/vendor/select2/i18n/sv.725800c5e8fc.34011c34c1a7.js", "admin/js/vendor/select2/i18n/sv.725800c5e8fc.js.gz": "admin/js/vendor/select2/i18n/sv.725800c5e8fc.js.9a762382d5dd.gz", "admin/js/vendor/select2/i18n/sv.js": "admin/js/vendor/select2/i18n/sv.3faeff791d68.js", "admin/js/vendor/select2/i18n/sv.js.gz": "admin/js/vendor/select2/i18n/sv.js.284e77d7ef5b.gz", "admin/js/vendor/select2/i18n/th.b013804dae9c.js": "admin/js/vendor/select2/i18n/th.b013804dae9c.b4a4c04a1d53.js", "admin/js/vendor/select2/i18n/th.b013804dae9c.js.gz": "admin/js/vendor/select2/i18n/th.b013804dae9c.js.0158ea0e6105.gz", "admin/js/vendor/select2/i18n/th.js": "admin/js/vendor/select2/i18n/th.44c77cd647ed.js", "admin/js/vendor/select2/i18n/th.js.gz": "admin/js/vendor/select2/i18n/th.js.85363aca2f4d.gz", "admin/js/vendor/select2/i18n/tk.5042dc8eca8e.js": "admin/js/vendor/select2/i18n/tk.5042dc8eca8e.38c2b5fb1c4e.js", "admin/js/vendor/select2/i18n/tk.5042dc8eca8e.js.gz": "admin/js/vendor/select2/i18n/tk.5042dc8eca8e.js.4547e6535cc5.gz", "admin/js/vendor/select2/i18n/tk.js": "admin/js/vendor/select2/i18n/tk.3cc937544b8c.js", "admin/js/vendor/select2/i18n/tk.js.gz": "admin/js/vendor/select2/i18n/tk.js.3253afe8498a.gz", "admin/js/vendor/select2/i18n/tr.dc697d893beb.js": "admin/js/vendor/select2/i18n/tr.dc697d893beb.749cf7471615.js", "admin/js/vendor/select2/i18n/tr.dc697d893beb.js.gz": "admin/js/vendor/select2/i18n/tr.dc697d893beb.js.0204be821c8a.gz", "admin/js/vendor/select2/i18n/tr.js": "admin/js/vendor/select2/i18n/tr.1dca8ca775f2.js", "admin/js/vendor/select2/i18n/tr.js.gz": "admin/js/vendor/select2/i18n/tr.js.7d0999be4e4b.gz", "admin/js/vendor/select2/i18n/uk.e05ad5df6258.js": "admin/js/vendor/select2/i18n/uk.e05ad5df6258.9d4059e52312.js", "admin/js/vendor/select2/i18n/uk.e05ad5df6258.js.gz": "admin/js/vendor/select2/i18n/uk.e05ad5df6258.js.af9ce264484f.gz", "admin/js/vendor/select2/i18n/uk.js": "admin/js/vendor/select2/i18n/uk.85ebeaf28923.js", "admin/js/vendor/select2/i18n/uk.js.gz": "admin/js/vendor/select2/i18n/uk.js.f67ef67e9ce1.gz", "admin/js/vendor/select2/i18n/vi.0a60056920fc.js": "admin/js/vendor/select2/i18n/vi.0a60056920fc.af3637e24cf6.js", "admin/js/vendor/select2/i18n/vi.0a60056920fc.js.gz": "admin/js/vendor/select2/i18n/vi.0a60056920fc.js.2dff285f2658.gz", "admin/js/vendor/select2/i18n/vi.js": "admin/js/vendor/select2/i18n/vi.cca9e768f3e2.js", "admin/js/vendor/select2/i18n/vi.js.gz": "admin/js/vendor/select2/i18n/vi.js.c3f4ff14b66f.gz", "admin/js/vendor/select2/i18n/zh-CN.bde34fa3f064.js": "admin/js/vendor/select2/i18n/zh-CN.bde34fa3f064.9e9c9b7e7b85.js", "admin/js/vendor/select2/i18n/zh-CN.bde34fa3f064.js.gz": "admin/js/vendor/select2/i18n/zh-CN.bde34fa3f064.js.2c79df836dc8.gz", "admin/js/vendor/select2/i18n/zh-CN.js": "admin/js/vendor/select2/i18n/zh-CN.d90daee0e141.js", "admin/js/vendor/select2/i18n/zh-CN.js.gz": "admin/js/vendor/select2/i18n/zh-CN.js.df36d41e2051.gz", "admin/js/vendor/select2/i18n/zh-TW.e727260f7094.js": "admin/js/vendor/select2/i18n/zh-TW.e727260f7094.5a790c962b0b.js", "admin/js/vendor/select2/i18n/zh-TW.e727260f7094.js.gz": "admin/js/vendor/select2/i18n/zh-TW.e727260f7094.js.2ceb98235d1e.gz", "admin/js/vendor/select2/i18n/zh-TW.js": "admin/js/vendor/select2/i18n/zh-TW.458105e1f5f2.js", "admin/js/vendor/select2/i18n/zh-TW.js.gz": "admin/js/vendor/select2/i18n/zh-TW.js.442b0eea61b7.gz", "admin/css/vendor/select2/LICENSE-SELECT2.f94142512c91.md": "admin/css/vendor/select2/LICENSE-SELECT2.f94142512c91.1f589eea356a.md", "admin/css/vendor/select2/LICENSE-SELECT2.f94142512c91.md.gz": "admin/css/vendor/select2/LICENSE-SELECT2.f94142512c91.md.8902c453c4a4.gz", "admin/css/vendor/select2/LICENSE-SELECT2.md": "admin/css/vendor/select2/LICENSE-SELECT2.1f589eea356a.md", "admin/css/vendor/select2/LICENSE-SELECT2.md.gz": "admin/css/vendor/select2/LICENSE-SELECT2.md.65692bae4a03.gz", "admin/css/vendor/select2/select2.css": "admin/css/vendor/select2/select2.f939bc2aee8c.css", "admin/css/vendor/select2/select2.css.gz": "admin/css/vendor/select2/select2.css.d7fb5cf3b546.gz", "admin/css/vendor/select2/select2.fd9fe49d3d91.css": "admin/css/vendor/select2/select2.fd9fe49d3d91.4ca43303afc9.css", "admin/css/vendor/select2/select2.fd9fe49d3d91.css.gz": "admin/css/vendor/select2/select2.fd9fe49d3d91.css.0f3d36535c57.gz", "admin/css/vendor/select2/select2.min.af22a7e2bfec.css": "admin/css/vendor/select2/select2.min.af22a7e2bfec.54c65db4a94a.css", "admin/css/vendor/select2/select2.min.af22a7e2bfec.css.gz": "admin/css/vendor/select2/select2.min.af22a7e2bfec.css.83d979f54f68.gz", "admin/css/vendor/select2/select2.min.css": "admin/css/vendor/select2/select2.min.7e9c205d23f4.css", "admin/css/vendor/select2/select2.min.css.gz": "admin/css/vendor/select2/select2.min.css.d9494e06c75f.gz", "admin/js/vendor/jquery/jquery.11c05eb286ed.js": "admin/js/vendor/jquery/jquery.11c05eb286ed.320fa28debd3.js", "admin/js/vendor/jquery/jquery.11c05eb286ed.js.gz": "admin/js/vendor/jquery/jquery.11c05eb286ed.js.965dd27bfe00.gz", "admin/js/vendor/jquery/jquery.js": "admin/js/vendor/jquery/jquery.c8d035a24405.js", "admin/js/vendor/jquery/jquery.js.gz": "admin/js/vendor/jquery/jquery.js.168094045ec0.gz", "admin/js/vendor/jquery/jquery.min.220afd743d9e.js": "admin/js/vendor/jquery/jquery.min.220afd743d9e.a6b6350ee94a.js", "admin/js/vendor/jquery/jquery.min.220afd743d9e.js.gz": "admin/js/vendor/jquery/jquery.min.220afd743d9e.js.6c0194788050.gz", "admin/js/vendor/jquery/jquery.min.js": "admin/js/vendor/jquery/jquery.min.954f70f07f05.js", "admin/js/vendor/jquery/jquery.min.js.gz": "admin/js/vendor/jquery/jquery.min.js.9663b61e980e.gz", "admin/js/vendor/jquery/LICENSE.75308107741f.txt": "admin/js/vendor/jquery/LICENSE.75308107741f.37f24151c605.txt", "admin/js/vendor/jquery/LICENSE.75308107741f.txt.gz": "admin/js/vendor/jquery/LICENSE.75308107741f.txt.1a2a99215e33.gz", "admin/js/vendor/jquery/LICENSE.txt": "admin/js/vendor/jquery/LICENSE.7ccd50f549b1.txt", "admin/js/vendor/jquery/LICENSE.txt.gz": "admin/js/vendor/jquery/LICENSE.txt.22325fa12495.gz", "admin/js/vendor/select2/LICENSE.f94142512c91.md": "admin/js/vendor/select2/LICENSE.f94142512c91.1f589eea356a.md", "admin/js/vendor/select2/LICENSE.f94142512c91.md.gz": "admin/js/vendor/select2/LICENSE.f94142512c91.md.8902c453c4a4.gz", "admin/js/vendor/select2/LICENSE.md": "admin/js/vendor/select2/LICENSE.1f589eea356a.md", "admin/js/vendor/select2/LICENSE.md.gz": "admin/js/vendor/select2/LICENSE.md.65692bae4a03.gz", "admin/js/vendor/select2/select2.full.d379d5235584.js": "admin/js/vendor/select2/select2.full.d379d5235584.27e14c79cc1e.js", "admin/js/vendor/select2/select2.full.d379d5235584.js.gz": "admin/js/vendor/select2/select2.full.d379d5235584.js.a3af2017bb70.gz", "admin/js/vendor/select2/select2.full.js": "admin/js/vendor/select2/select2.full.d6ee614f69ff.js", "admin/js/vendor/select2/select2.full.js.gz": "admin/js/vendor/select2/select2.full.js.9c40e3399270.gz", "admin/js/vendor/select2/select2.full.min.68e8d8f673b7.js": "admin/js/vendor/select2/select2.full.min.68e8d8f673b7.68e8d8f673b7.js", "admin/js/vendor/select2/select2.full.min.68e8d8f673b7.js.gz": "admin/js/vendor/select2/select2.full.min.68e8d8f673b7.js.056cf9dae5cb.gz", "admin/js/vendor/select2/select2.full.min.js": "admin/js/vendor/select2/select2.full.min.c98e452180e2.js", "admin/js/vendor/select2/select2.full.min.js.gz": "admin/js/vendor/select2/select2.full.min.js.cbcc134ef548.gz", "admin/js/vendor/xregexp/LICENSE.d64cecf4f157.txt": "admin/js/vendor/xregexp/LICENSE.d64cecf4f157.79942143722b.txt", "admin/js/vendor/xregexp/LICENSE.d64cecf4f157.txt.gz": "admin/js/vendor/xregexp/LICENSE.d64cecf4f157.txt.a43f81061382.gz", "admin/js/vendor/xregexp/LICENSE.txt": "admin/js/vendor/xregexp/LICENSE.68b3887b6178.txt", "admin/js/vendor/xregexp/LICENSE.txt.gz": "admin/js/vendor/xregexp/LICENSE.txt.4890b88a6501.gz", "admin/js/vendor/xregexp/xregexp.1865b1cf5085.js": "admin/js/vendor/xregexp/xregexp.1865b1cf5085.fb0fa53f0ae3.js", "admin/js/vendor/xregexp/xregexp.1865b1cf5085.js.gz": "admin/js/vendor/xregexp/xregexp.1865b1cf5085.js.65903b75db8d.gz", "admin/js/vendor/xregexp/xregexp.js": "admin/js/vendor/xregexp/xregexp.747e89df78d1.js", "admin/js/vendor/xregexp/xregexp.js.gz": "admin/js/vendor/xregexp/xregexp.js.1ed40b76e806.gz", "admin/js/vendor/xregexp/xregexp.min.c95393b8ca4d.js": "admin/js/vendor/xregexp/xregexp.min.c95393b8ca4d.156c32abf0f7.js", "admin/js/vendor/xregexp/xregexp.min.c95393b8ca4d.js.gz": "admin/js/vendor/xregexp/xregexp.min.c95393b8ca4d.js.5af6f3012e7b.gz", "admin/js/vendor/xregexp/xregexp.min.js": "admin/js/vendor/xregexp/xregexp.min.b52bd5e0d60e.js", "admin/js/vendor/xregexp/xregexp.min.js.gz": "admin/js/vendor/xregexp/xregexp.min.js.c7662e1cd866.gz", "admin/img/gis/move_vertex_off.7a23bf31ef8a.svg": "admin/img/gis/move_vertex_off.7a23bf31ef8a.7a23bf31ef8a.svg", "admin/img/gis/move_vertex_off.7a23bf31ef8a.svg.gz": "admin/img/gis/move_vertex_off.7a23bf31ef8a.svg.6b0e759254a6.gz", "admin/img/gis/move_vertex_off.svg": "admin\\img\\gis\\move_vertex_off.7a23bf31ef8a.svg", "admin/img/gis/move_vertex_off.svg.gz": "admin/img/gis/move_vertex_off.svg.6b0e759254a6.gz", "admin/img/gis/move_vertex_on.0047eba25b67.svg": "admin/img/gis/move_vertex_on.0047eba25b67.0047eba25b67.svg", "admin/img/gis/move_vertex_on.0047eba25b67.svg.gz": "admin/img/gis/move_vertex_on.0047eba25b67.svg.e15e5d253281.gz", "admin/img/gis/move_vertex_on.svg": "admin\\img\\gis\\move_vertex_on.0047eba25b67.svg", "admin/img/gis/move_vertex_on.svg.gz": "admin/img/gis/move_vertex_on.svg.e15e5d253281.gz", "admin/js/admin/DateTimeShortcuts.a9c6d180860b.js": "admin/js/admin/DateTimeShortcuts.a9c6d180860b.2617d6aeeaeb.js", "admin/js/admin/DateTimeShortcuts.a9c6d180860b.js.gz": "admin/js/admin/DateTimeShortcuts.a9c6d180860b.js.8915350e767d.gz", "admin/js/admin/DateTimeShortcuts.js": "admin/js/admin/DateTimeShortcuts.9d8651603da6.js", "admin/js/admin/DateTimeShortcuts.js.gz": "admin/js/admin/DateTimeShortcuts.js.0692b76017a4.gz", "admin/js/admin/RelatedObjectLookups.ea0683bea064.js": "admin/js/admin/RelatedObjectLookups.ea0683bea064.c3663aea944a.js", "admin/js/admin/RelatedObjectLookups.ea0683bea064.js.gz": "admin/js/admin/RelatedObjectLookups.ea0683bea064.js.7c17284faed5.gz", "admin/js/admin/RelatedObjectLookups.js": "admin/js/admin/RelatedObjectLookups.c45b437f898d.js", "admin/js/admin/RelatedObjectLookups.js.gz": "admin/js/admin/RelatedObjectLookups.js.4347e436374d.gz", "rest_framework/docs/css/base.css": "rest_framework/docs/css/base.e630f8f4990e.css", "rest_framework/docs/css/highlight.css": "rest_framework/docs/css/highlight.e0e4d973c6d7.css", "rest_framework/docs/css/jquery.json-view.min.css": "rest_framework/docs/css/jquery.json-view.min.a2e6beeb6710.css", "rest_framework/docs/img/favicon.ico": "rest_framework/docs/img/favicon.5195b4d0f3eb.ico", "rest_framework/docs/img/grid.png": "rest_framework/docs/img/grid.a4b938cf382b.png", "rest_framework/docs/js/api.js": "rest_framework/docs/js/api.18a5ba8a1bd8.js", "rest_framework/docs/js/highlight.pack.js": "rest_framework/docs/js/highlight.pack.479b5f21dcba.js", "rest_framework/docs/js/jquery.json-view.min.js": "rest_framework/docs/js/jquery.json-view.min.b7c2d6981377.js", "admin/css/autocomplete.781713f30664.css": "admin/css/autocomplete.781713f30664.56d0bd659160.css", "admin/css/autocomplete.781713f30664.css.gz": "admin/css/autocomplete.781713f30664.css.46e030870f94.gz", "admin/css/autocomplete.css": "admin/css/autocomplete.57931c8a7a75.css", "admin/css/autocomplete.css.gz": "admin/css/autocomplete.css.ef0238d76929.gz", "admin/css/base.ae33e6383baa.css": "admin/css/base.ae33e6383baa.abe7fded8b2b.css", "admin/css/base.ae33e6383baa.css.gz": "admin/css/base.ae33e6383baa.css.0c0e1a75cc1c.gz", "admin/css/base.css": "admin/css/base.2715037bc0c3.css", "admin/css/base.css.gz": "admin/css/base.css.d427819372f3.gz", "admin/css/changelists.cfe316f81936.css": "admin/css/changelists.cfe316f81936.9d1610b625ed.css", "admin/css/changelists.cfe316f81936.css.gz": "admin/css/changelists.cfe316f81936.css.8fe42cd7e139.gz", "admin/css/changelists.css": "admin/css/changelists.47cfce5f1ebb.css", "admin/css/changelists.css.gz": "admin/css/changelists.css.f43514766c26.gz", "admin/css/dashboard.7ac78187c567.css": "admin/css/dashboard.7ac78187c567.cf6d667654b7.css", "admin/css/dashboard.7ac78187c567.css.gz": "admin/css/dashboard.7ac78187c567.css.7f6ea07b922d.gz", "admin/css/dashboard.css": "admin/css/dashboard.966da0ace749.css", "admin/css/dashboard.css.gz": "admin/css/dashboard.css.47b19cdd7c08.gz", "admin/css/fonts.168bab448fee.css": "admin/css/fonts.168bab448fee.6b7a55bde2c7.css", "admin/css/fonts.168bab448fee.css.gz": "admin/css/fonts.168bab448fee.css.a4e6b98b7b93.gz", "admin/css/fonts.css": "admin/css/fonts.05c4ca8302ce.css", "admin/css/fonts.css.gz": "admin/css/fonts.css.239597777821.gz", "admin/css/forms.9f1ffc442e9a.css": "admin/css/forms.9f1ffc442e9a.ab00ededa871.css", "admin/css/forms.9f1ffc442e9a.css.gz": "admin/css/forms.9f1ffc442e9a.css.b16c2dd865b1.gz", "admin/css/forms.css": "admin/css/forms.cf3a17e8abe9.css", "admin/css/forms.css.gz": "admin/css/forms.css.6a98bd1aaa5d.gz", "admin/css/login.252ffabd6548.css": "admin/css/login.252ffabd6548.8603c48d642a.css", "admin/css/login.252ffabd6548.css.gz": "admin/css/login.252ffabd6548.css.d38238f9f093.gz", "admin/css/login.css": "admin/css/login.996c149c6e1c.css", "admin/css/login.css.gz": "admin/css/login.css.b7567c8deccd.gz", "admin/css/responsive.755ce0b07393.css": "admin/css/responsive.755ce0b07393.4f92e70c0543.css", "admin/css/responsive.755ce0b07393.css.gz": "admin/css/responsive.755ce0b07393.css.c7d1d4d0c4f4.gz", "admin/css/responsive.css": "admin/css/responsive.265e59a62c04.css", "admin/css/responsive.css.gz": "admin/css/responsive.css.d28ef2c7ebe6.gz", "admin/css/responsive_rtl.51c7445ceeff.css": "admin/css/responsive_rtl.51c7445ceeff.ed564fdc392a.css", "admin/css/responsive_rtl.51c7445ceeff.css.gz": "admin/css/responsive_rtl.51c7445ceeff.css.df339a2e047f.gz", "admin/css/responsive_rtl.css": "admin/css/responsive_rtl.806466135c2d.css", "admin/css/responsive_rtl.css.gz": "admin/css/responsive_rtl.css.6729006322b2.gz", "admin/css/rtl.30f903442dc5.css": "admin/css/rtl.30f903442dc5.0bade2336ac8.css", "admin/css/rtl.30f903442dc5.css.gz": "admin/css/rtl.30f903442dc5.css.533a07f08725.gz", "admin/css/rtl.css": "admin/css/rtl.7f70ab2f899f.css", "admin/css/rtl.css.gz": "admin/css/rtl.css.2c15255c40c6.gz", "admin/css/widgets.8874c301e7bc.css": "admin/css/widgets.8874c301e7bc.75f84b7201bd.css", "admin/css/widgets.8874c301e7bc.css.gz": "admin/css/widgets.8874c301e7bc.css.6457a280e3b6.gz", "admin/css/widgets.css": "admin/css/widgets.59a83fed545f.css", "admin/css/widgets.css.gz": "admin/css/widgets.css.9c8dbe3bf441.gz", "admin/fonts/LICENSE.d273d63619c9.txt": "admin/fonts/LICENSE.d273d63619c9.d273d63619c9.txt", "admin/fonts/LICENSE.d273d63619c9.txt.gz": "admin/fonts/LICENSE.d273d63619c9.txt.792763a187df.gz", "admin/fonts/LICENSE.txt": "admin\\fonts\\LICENSE.d273d63619c9.txt", "admin/fonts/LICENSE.txt.gz": "admin/fonts/LICENSE.txt.792763a187df.gz", "admin/fonts/README.ab99e6b541ea.txt": "admin/fonts/README.ab99e6b541ea.9fd087f799aa.txt", "admin/fonts/README.ab99e6b541ea.txt.gz": "admin/fonts/README.ab99e6b541ea.txt.d88a7cee05a2.gz", "admin/fonts/README.txt": "admin/fonts/README.9fd087f799aa.txt", "admin/fonts/README.txt.gz": "admin/fonts/README.txt.d88a7cee05a2.gz", "admin/fonts/Roboto-Bold-webfont.50d75e48e0a3.woff": "admin/fonts/Roboto-Bold-webfont.50d75e48e0a3.50d75e48e0a3.woff", "admin/fonts/Roboto-Bold-webfont.woff": "admin\\fonts\\Roboto-Bold-webfont.50d75e48e0a3.woff", "admin/fonts/Roboto-Light-webfont.c73eb1ceba33.woff": "admin/fonts/Roboto-Light-webfont.c73eb1ceba33.c73eb1ceba33.woff", "admin/fonts/Roboto-Light-webfont.woff": "admin\\fonts\\Roboto-Light-webfont.c73eb1ceba33.woff", "admin/fonts/Roboto-Regular-webfont.35b07eb2f871.woff": "admin/fonts/Roboto-Regular-webfont.35b07eb2f871.35b07eb2f871.woff", "admin/fonts/Roboto-Regular-webfont.woff": "admin\\fonts\\Roboto-Regular-webfont.35b07eb2f871.woff", "admin/img/calendar-icons.39b290681a8b.svg": "admin/img/calendar-icons.39b290681a8b.7fcf51f468cd.svg", "admin/img/calendar-icons.39b290681a8b.svg.gz": "admin/img/calendar-icons.39b290681a8b.svg.e98406bbf812.gz", "admin/img/calendar-icons.svg": "admin/img/calendar-icons.7fcf51f468cd.svg", "admin/img/calendar-icons.svg.gz": "admin/img/calendar-icons.svg.51e16e2983ae.gz", "admin/img/icon-addlink.d519b3bab011.svg": "admin/img/icon-addlink.d519b3bab011.4001bb35b6f9.svg", "admin/img/icon-addlink.d519b3bab011.svg.gz": "admin/img/icon-addlink.d519b3bab011.svg.18146256c163.gz", "admin/img/icon-addlink.svg": "admin/img/icon-addlink.4001bb35b6f9.svg", "admin/img/icon-addlink.svg.gz": "admin/img/icon-addlink.svg.64ba2492cd7c.gz", "admin/img/icon-alert.034cc7d8a67f.svg": "admin/img/icon-alert.034cc7d8a67f.21c61971fb51.svg", "admin/img/icon-alert.034cc7d8a67f.svg.gz": "admin/img/icon-alert.034cc7d8a67f.svg.2bdccc92520c.gz", "admin/img/icon-alert.svg": "admin/img/icon-alert.21c61971fb51.svg", "admin/img/icon-alert.svg.gz": "admin/img/icon-alert.svg.2d304301cbb0.gz", "admin/img/icon-calendar.ac7aea671bea.svg": "admin/img/icon-calendar.ac7aea671bea.f79fad8cf422.svg", "admin/img/icon-calendar.ac7aea671bea.svg.gz": "admin/img/icon-calendar.ac7aea671bea.svg.7f03993fdabb.gz", "admin/img/icon-calendar.svg": "admin/img/icon-calendar.f79fad8cf422.svg", "admin/img/icon-calendar.svg.gz": "admin/img/icon-calendar.svg.dd6790b7d6f5.gz", "admin/img/icon-changelink.18d2fd706348.svg": "admin/img/icon-changelink.18d2fd706348.9f469bf75d66.svg", "admin/img/icon-changelink.18d2fd706348.svg.gz": "admin/img/icon-changelink.18d2fd706348.svg.c25485b0860c.gz", "admin/img/icon-changelink.svg": "admin/img/icon-changelink.9f469bf75d66.svg", "admin/img/icon-changelink.svg.gz": "admin/img/icon-changelink.svg.8eadef94e900.gz", "admin/img/icon-clock.e1d4dfac3f2b.svg": "admin/img/icon-clock.e1d4dfac3f2b.f8568e874626.svg", "admin/img/icon-clock.e1d4dfac3f2b.svg.gz": "admin/img/icon-clock.e1d4dfac3f2b.svg.eac424c0eda5.gz", "admin/img/icon-clock.svg": "admin/img/icon-clock.f8568e874626.svg", "admin/img/icon-clock.svg.gz": "admin/img/icon-clock.svg.2724af0b8962.gz", "admin/img/icon-deletelink.564ef9dc3854.svg": "admin/img/icon-deletelink.564ef9dc3854.4059963bd772.svg", "admin/img/icon-deletelink.564ef9dc3854.svg.gz": "admin/img/icon-deletelink.564ef9dc3854.svg.44feaa9beff8.gz", "admin/img/icon-deletelink.svg": "admin/img/icon-deletelink.4059963bd772.svg", "admin/img/icon-deletelink.svg.gz": "admin/img/icon-deletelink.svg.c71be4fbc7b4.gz", "admin/img/icon-no.439e821418cd.svg": "admin/img/icon-no.439e821418cd.233633bc1364.svg", "admin/img/icon-no.439e821418cd.svg.gz": "admin/img/icon-no.439e821418cd.svg.19989763872e.gz", "admin/img/icon-no.svg": "admin/img/icon-no.233633bc1364.svg", "admin/img/icon-no.svg.gz": "admin/img/icon-no.svg.288e5887496b.gz", "admin/img/icon-unknown-alt.81536e128bb6.svg": "admin/img/icon-unknown-alt.81536e128bb6.1c8558418835.svg", "admin/img/icon-unknown-alt.81536e128bb6.svg.gz": "admin/img/icon-unknown-alt.81536e128bb6.svg.635ee7c7a6fe.gz", "admin/img/icon-unknown-alt.svg": "admin/img/icon-unknown-alt.1c8558418835.svg", "admin/img/icon-unknown-alt.svg.gz": "admin/img/icon-unknown-alt.svg.1a84f0646bdd.gz", "admin/img/icon-unknown.a18cb4398978.svg": "admin/img/icon-unknown.a18cb4398978.6529f104fa6a.svg", "admin/img/icon-unknown.a18cb4398978.svg.gz": "admin/img/icon-unknown.a18cb4398978.svg.ab52b9827281.gz", "admin/img/icon-unknown.svg": "admin/img/icon-unknown.6529f104fa6a.svg", "admin/img/icon-unknown.svg.gz": "admin/img/icon-unknown.svg.aec6bca0da8c.gz", "admin/img/icon-viewlink.41eb31f7826e.svg": "admin/img/icon-viewlink.41eb31f7826e.a48d0b5895d8.svg", "admin/img/icon-viewlink.41eb31f7826e.svg.gz": "admin/img/icon-viewlink.41eb31f7826e.svg.1d0eaa727cf6.gz", "admin/img/icon-viewlink.svg": "admin/img/icon-viewlink.a48d0b5895d8.svg", "admin/img/icon-viewlink.svg.gz": "admin/img/icon-viewlink.svg.54bbc74824f8.gz", "admin/img/icon-yes.d2f9f035226a.svg": "admin/img/icon-yes.d2f9f035226a.06589da83e26.svg", "admin/img/icon-yes.d2f9f035226a.svg.gz": "admin/img/icon-yes.d2f9f035226a.svg.b9d2b60e64a8.gz", "admin/img/icon-yes.svg": "admin/img/icon-yes.06589da83e26.svg", "admin/img/icon-yes.svg.gz": "admin/img/icon-yes.svg.8e56b5b63f44.gz", "admin/img/inline-delete.fec1b761f254.svg": "admin/img/inline-delete.fec1b761f254.7f49a5c418b3.svg", "admin/img/inline-delete.fec1b761f254.svg.gz": "admin/img/inline-delete.fec1b761f254.svg.6d1bc9454f4a.gz", "admin/img/inline-delete.svg": "admin/img/inline-delete.7f49a5c418b3.svg", "admin/img/inline-delete.svg.gz": "admin/img/inline-delete.svg.26353e4b052e.gz", "admin/img/LICENSE": "admin/img/LICENSE.603f72159989", "admin/img/LICENSE.2c54f4e1ca1c": "admin/img/LICENSE.603f72159989.2c54f4e1ca1c", "admin/img/LICENSE.2c54f4e1ca1c.gz": "admin/img/LICENSE.2c54f4e1ca1c.1a8e2dfd3a7a.gz", "admin/img/LICENSE.gz": "admin/img/LICENSE.17e610f21b12.gz", "admin/img/README.a70711a38d87.txt": "admin/img/README.a70711a38d87.688dfa02d745.txt", "admin/img/README.a70711a38d87.txt.gz": "admin/img/README.a70711a38d87.txt.06faf2516604.gz", "admin/img/README.txt": "admin/img/README.688dfa02d745.txt", "admin/img/README.txt.gz": "admin/img/README.txt.b526ac7045de.gz", "admin/img/search.7cf54ff789c6.svg": "admin/img/search.7cf54ff789c6.c78f90f3e6f5.svg", "admin/img/search.7cf54ff789c6.svg.gz": "admin/img/search.7cf54ff789c6.svg.0856a64d42b7.gz", "admin/img/search.svg": "admin/img/search.c78f90f3e6f5.svg", "admin/img/search.svg.gz": "admin/img/search.svg.aa41ce9d65d0.gz", "admin/img/selector-icons.b4555096cea2.svg": "admin/img/selector-icons.b4555096cea2.3b59b80f599a.svg", "admin/img/selector-icons.b4555096cea2.svg.gz": "admin/img/selector-icons.b4555096cea2.svg.8b750e835248.gz", "admin/img/selector-icons.svg": "admin/img/selector-icons.3b59b80f599a.svg", "admin/img/selector-icons.svg.gz": "admin/img/selector-icons.svg.1810d04beb36.gz", "admin/img/sorting-icons.3a097b59f104.svg": "admin/img/sorting-icons.3a097b59f104.bbfc41068350.svg", "admin/img/sorting-icons.3a097b59f104.svg.gz": "admin/img/sorting-icons.3a097b59f104.svg.f63dbc31d08b.gz", "admin/img/sorting-icons.svg": "admin/img/sorting-icons.bbfc41068350.svg", "admin/img/sorting-icons.svg.gz": "admin/img/sorting-icons.svg.e37b32a9f15b.gz", "admin/img/tooltag-add.e59d620a9742.svg": "admin/img/tooltag-add.e59d620a9742.cf20e2410f14.svg", "admin/img/tooltag-add.e59d620a9742.svg.gz": "admin/img/tooltag-add.e59d620a9742.svg.94f471ff8a63.gz", "admin/img/tooltag-add.svg": "admin/img/tooltag-add.cf20e2410f14.svg", "admin/img/tooltag-add.svg.gz": "admin/img/tooltag-add.svg.a865626abc18.gz", "admin/img/tooltag-arrowright.bbfb788a849e.svg": "admin/img/tooltag-arrowright.bbfb788a849e.5d363e8887ce.svg", "admin/img/tooltag-arrowright.bbfb788a849e.svg.gz": "admin/img/tooltag-arrowright.bbfb788a849e.svg.61f1824c918d.gz", "admin/img/tooltag-arrowright.svg": "admin/img/tooltag-arrowright.5d363e8887ce.svg", "admin/img/tooltag-arrowright.svg.gz": "admin/img/tooltag-arrowright.svg.7d0855d0ffa0.gz", "admin/js/actions.8d83e3af0fbd.js": "admin/js/actions.8d83e3af0fbd.02f51250f9df.js", "admin/js/actions.8d83e3af0fbd.js.gz": "admin/js/actions.8d83e3af0fbd.js.e985c4fabfc4.gz", "admin/js/actions.js": "admin/js/actions.62910eeca639.js", "admin/js/actions.js.gz": "admin/js/actions.js.3addedbada62.gz", "admin/js/actions.min.5fa8cb0403f1.js": "admin/js/actions.min.5fa8cb0403f1.cc23e695a9f3.js", "admin/js/actions.min.5fa8cb0403f1.js.gz": "admin/js/actions.min.5fa8cb0403f1.js.15aca3876203.gz", "admin/js/actions.min.js": "admin/js/actions.min.cc23e695a9f3.js", "admin/js/actions.min.js.gz": "admin/js/actions.min.js.15aca3876203.gz", "admin/js/autocomplete.cfd2c4dc8981.js": "admin/js/autocomplete.cfd2c4dc8981.3e7fceba1344.js", "admin/js/autocomplete.cfd2c4dc8981.js.gz": "admin/js/autocomplete.cfd2c4dc8981.js.19777f834fd7.gz", "admin/js/autocomplete.js": "admin/js/autocomplete.40ab03422935.js", "admin/js/autocomplete.js.gz": "admin/js/autocomplete.js.a37873244388.gz", "admin/js/calendar.aae57adab5f6.js": "admin/js/calendar.aae57adab5f6.828d80681395.js", "admin/js/calendar.aae57adab5f6.js.gz": "admin/js/calendar.aae57adab5f6.js.889747c0c9d3.gz", "admin/js/calendar.js": "admin/js/calendar.15841342e065.js", "admin/js/calendar.js.gz": "admin/js/calendar.js.46ce9b52df79.gz", "admin/js/cancel.a2c3149a1c5e.js": "admin/js/cancel.a2c3149a1c5e.4ac1aa4d2666.js", "admin/js/cancel.a2c3149a1c5e.js.gz": "admin/js/cancel.a2c3149a1c5e.js.3d5779b0bb0f.gz", "admin/js/cancel.js": "admin/js/cancel.1228c7fd2a13.js", "admin/js/cancel.js.gz": "admin/js/cancel.js.d71da73e65d6.gz", "admin/js/change_form.9e85003a1a38.js": "admin/js/change_form.9e85003a1a38.6ee5f8099587.js", "admin/js/change_form.9e85003a1a38.js.gz": "admin/js/change_form.9e85003a1a38.js.bb37c219f34a.gz", "admin/js/change_form.js": "admin/js/change_form.9b0a1db78509.js", "admin/js/change_form.js.gz": "admin/js/change_form.js.81662a8735e0.gz", "admin/js/collapse.c5b851e91226.js": "admin/js/collapse.c5b851e91226.def2e71beb83.js", "admin/js/collapse.c5b851e91226.js.gz": "admin/js/collapse.c5b851e91226.js.10f758dbd6b4.gz", "admin/js/collapse.js": "admin/js/collapse.614f9fae2f4d.js", "admin/js/collapse.js.gz": "admin/js/collapse.js.6da924a77401.gz", "admin/js/collapse.min.44dfdb427845.js": "admin/js/collapse.min.44dfdb427845.1f35ed1ddf0c.js", "admin/js/collapse.min.44dfdb427845.js.gz": "admin/js/collapse.min.44dfdb427845.js.13348e04c98d.gz", "admin/js/collapse.min.js": "admin/js/collapse.min.1f35ed1ddf0c.js", "admin/js/collapse.min.js.gz": "admin/js/collapse.min.js.13348e04c98d.gz", "admin/js/core.ea39b3bd34c3.js": "admin/js/core.ea39b3bd34c3.f811b664f189.js", "admin/js/core.ea39b3bd34c3.js.gz": "admin/js/core.ea39b3bd34c3.js.64f02aad1b78.gz", "admin/js/core.js": "admin/js/core.a6fd839ca6b1.js", "admin/js/core.js.gz": "admin/js/core.js.a346982bdec4.gz", "admin/js/inlines.12d1af430335.js": "admin/js/inlines.12d1af430335.97ac28790844.js", "admin/js/inlines.12d1af430335.js.gz": "admin/js/inlines.12d1af430335.js.c3e1de6568e5.gz", "admin/js/inlines.js": "admin/js/inlines.14038f6d2f9e.js", "admin/js/inlines.js.gz": "admin/js/inlines.js.1e37ca5c8d39.gz", "admin/js/inlines.min.6d6c2416646e.js": "admin/js/inlines.min.6d6c2416646e.40e4c60adade.js", "admin/js/inlines.min.6d6c2416646e.js.gz": "admin/js/inlines.min.6d6c2416646e.js.c410e68c4d30.gz", "admin/js/inlines.min.js": "admin/js/inlines.min.40e4c60adade.js", "admin/js/inlines.min.js.gz": "admin/js/inlines.min.js.c410e68c4d30.gz", "admin/js/jquery.init.95b62fa19378.js": "admin/js/jquery.init.95b62fa19378.475083256cad.js", "admin/js/jquery.init.95b62fa19378.js.gz": "admin/js/jquery.init.95b62fa19378.js.bf32d5d5691b.gz", "admin/js/jquery.init.js": "admin/js/jquery.init.e7255eadcce0.js", "admin/js/jquery.init.js.gz": "admin/js/jquery.init.js.2a05b696a174.gz", "admin/js/popup_response.6ce3197f8fc8.js": "admin/js/popup_response.6ce3197f8fc8.2f32c93695d2.js", "admin/js/popup_response.6ce3197f8fc8.js.gz": "admin/js/popup_response.6ce3197f8fc8.js.226b6b2b77dd.gz", "admin/js/popup_response.js": "admin/js/popup_response.f57b78011280.js", "admin/js/popup_response.js.gz": "admin/js/popup_response.js.b33af006ecf4.gz", "admin/js/prepopulate.2f90da7170ec.js": "admin/js/prepopulate.2f90da7170ec.957247a9a69a.js", "admin/js/prepopulate.2f90da7170ec.js.gz": "admin/js/prepopulate.2f90da7170ec.js.06408c0cc6d0.gz", "admin/js/prepopulate.js": "admin/js/prepopulate.4c552da9c710.js", "admin/js/prepopulate.js.gz": "admin/js/prepopulate.js.abed39605024.gz", "admin/js/prepopulate.min.85fd5e0fb706.js": "admin/js/prepopulate.min.85fd5e0fb706.d73688c0c8c2.js", "admin/js/prepopulate.min.85fd5e0fb706.js.gz": "admin/js/prepopulate.min.85fd5e0fb706.js.3a6cf249c785.gz", "admin/js/prepopulate.min.js": "admin/js/prepopulate.min.d73688c0c8c2.js", "admin/js/prepopulate.min.js.gz": "admin/js/prepopulate.min.js.3a6cf249c785.gz", "admin/js/prepopulate_init.0d3b53c37074.js": "admin/js/prepopulate_init.0d3b53c37074.c7697df6dee3.js", "admin/js/prepopulate_init.0d3b53c37074.js.gz": "admin/js/prepopulate_init.0d3b53c37074.js.dc43a583964e.gz", "admin/js/prepopulate_init.js": "admin/js/prepopulate_init.95ff3dc87285.js", "admin/js/prepopulate_init.js.gz": "admin/js/prepopulate_init.js.6eb3899f01cf.gz", "admin/js/SelectBox.99d0cfd2e80c.js": "admin/js/SelectBox.99d0cfd2e80c.6c8a2897e2ec.js", "admin/js/SelectBox.99d0cfd2e80c.js.gz": "admin/js/SelectBox.99d0cfd2e80c.js.3efd01e8aab6.gz", "admin/js/SelectBox.js": "admin/js/SelectBox.2850cd23f8b9.js", "admin/js/SelectBox.js.gz": "admin/js/SelectBox.js.d906e0b42541.gz", "admin/js/SelectFilter2.c26733924aea.js": "admin/js/SelectFilter2.c26733924aea.856e21fdd4f3.js", "admin/js/SelectFilter2.c26733924aea.js.gz": "admin/js/SelectFilter2.c26733924aea.js.0f6b7d4d5418.gz", "admin/js/SelectFilter2.js": "admin/js/SelectFilter2.48e3df450503.js", "admin/js/SelectFilter2.js.gz": "admin/js/SelectFilter2.js.e1bc78a9f95c.gz", "admin/js/urlify.67bae52223e0.js": "admin/js/urlify.67bae52223e0.2ca18c662d30.js", "admin/js/urlify.67bae52223e0.js.gz": "admin/js/urlify.67bae52223e0.js.e7e95ef3c3ff.gz", "admin/js/urlify.js": "admin/js/urlify.c5bc38750345.js", "admin/js/urlify.js.gz": "admin/js/urlify.js.59efdb5f0b3b.gz", "admin/css/dark_mode.css": "admin/css/dark_mode.ef27a31af300.css", "admin/css/nav_sidebar.css": "admin/css/nav_sidebar.269a1bd44627.css", "admin/js/filters.js": "admin/js/filters.0e360b7a9f80.js", "admin/js/nav_sidebar.js": "admin/js/nav_sidebar.3b9190d420b1.js", "admin/js/theme.js": "admin/js/theme.ab270f56bb9c.js", "rest_framework/css/bootstrap-theme.min.css": "rest_framework/css/bootstrap-theme.min.1d4b05b397c3.css", "rest_framework/css/bootstrap-theme.min.css.map": "rest_framework/css/bootstrap-theme.min.css.51806092cc05.map", "rest_framework/css/bootstrap-tweaks.css": "rest_framework/css/bootstrap-tweaks.46ed116b0edd.css", "rest_framework/css/bootstrap.min.css": "rest_framework/css/bootstrap.min.f17d4516b026.css", "rest_framework/css/bootstrap.min.css.map": "rest_framework/css/bootstrap.min.css.cafbda9c0e9e.map", "rest_framework/css/default.css": "rest_framework/css/default.789dfb5732d7.css", "rest_framework/css/font-awesome-4.0.3.css": "rest_framework/css/font-awesome-4.0.3.c1e1ea213abf.css", "rest_framework/css/prettify.css": "rest_framework/css/prettify.a987f72342ee.css", "rest_framework/fonts/fontawesome-webfont.eot": "rest_framework/fonts/fontawesome-webfont.8b27bc96115c.eot", "rest_framework/fonts/fontawesome-webfont.svg": "rest_framework/fonts/fontawesome-webfont.83e37a11f9d7.svg", "rest_framework/fonts/fontawesome-webfont.ttf": "rest_framework/fonts/fontawesome-webfont.dcb26c7239d8.ttf", "rest_framework/fonts/fontawesome-webfont.woff": "rest_framework/fonts/fontawesome-webfont.3293616ec0c6.woff", "rest_framework/fonts/glyphicons-halflings-regular.eot": "rest_framework/fonts/glyphicons-halflings-regular.f4769f9bdb74.eot", "rest_framework/fonts/glyphicons-halflings-regular.svg": "rest_framework/fonts/glyphicons-halflings-regular.08eda92397ae.svg", "rest_framework/fonts/glyphicons-halflings-regular.ttf": "rest_framework/fonts/glyphicons-halflings-regular.e18bbf611f2a.ttf", "rest_framework/fonts/glyphicons-halflings-regular.woff": "rest_framework/fonts/glyphicons-halflings-regular.fa2772327f55.woff", "rest_framework/fonts/glyphicons-halflings-regular.woff2": "rest_framework/fonts/glyphicons-halflings-regular.448c34a56d69.woff2", "rest_framework/img/glyphicons-halflings-white.png": "rest_framework/img/glyphicons-halflings-white.9bbc6e960299.png", "rest_framework/img/glyphicons-halflings.png": "rest_framework/img/glyphicons-halflings.90233c9067e9.png", "rest_framework/img/grid.png": "rest_framework/img/grid.a4b938cf382b.png", "rest_framework/js/ajax-form.js": "rest_framework/js/ajax-form.0ea6e6052ab5.js", "rest_framework/js/bootstrap.min.js": "rest_framework/js/bootstrap.min.2f34b630ffe3.js", "rest_framework/js/coreapi-0.1.1.js": "rest_framework/js/coreapi-0.1.1.e580e3854595.js", "rest_framework/js/csrf.js": "rest_framework/js/csrf.969930007329.js", "rest_framework/js/default.js": "rest_framework/js/default.5b08897dbdc3.js", "rest_framework/js/jquery-3.5.1.min.js": "rest_framework/js/jquery-3.5.1.min.dc5e7f18c8d3.js", "rest_framework/js/prettify-min.js": "rest_framework/js/prettify-min.709bfcc456c6.js", "account/js/account.js": "account/js/account.b8b2bd9322b2.js", "account/js/onload.js": "account/js/onload.79dcf5a401d0.js", "expenses/style.a5cc4c77ef08.css": "expenses/style.a5cc4c77ef08.22ba50df43c1.css", "expenses/style.css": "expenses/style.3425560ef0a7.css", "expenses/style.f34db51b797c.css": "expenses/style.f34db51b797c.aedf99053619.css", "js/app.15aa374916d7.js": "js/app.15aa374916d7.69dc437e0ba1.js", "js/app.15aa374916d7.js.gz": "js/app.15aa374916d7.js.26d6451e4c54.gz", "js/app.66b853ad880f.js": "js/app.66b853ad880f.5fcc7d31c84c.js", "js/app.66b853ad880f.js.gz": "js/app.66b853ad880f.js.653d55135541.gz", "js/app.js": "js/app.69dc437e0ba1.js", "js/app.js.gz": "js/app.js.aaa70b1b2cd9.gz", "dummy.dd1de4f31472.txt": "dummy.dd1de4f31472.dd1de4f31472.txt", "dummy.txt": "dummy.dd1de4f31472.txt", "staticfiles.json": "staticfiles.fd9a8652d1d6.json"}, "version": "1.1", "hash": "e210494c42f2"}